{
  "group_rules": [
    {"furniture": "sofa", "relation": "faces", "target": "tv", "distance": [150, 300], "angle_tolerance": 25, "weight": 30},
    {"furniture": "mirror", "relation": "avoid_line_of_sight", "target": "tv", "penalty": 40},
    {"furniture": "plant", "relation": "near_light_source", "target": "window", "distance": [20, 100], "weight": 15},
    {"furniture": "desk", "relation": "avoid_glare", "target": "window", "angle_tolerance": 45, "penalty": 25},
    {"furniture": "lamp", "relation": "adjacent", "target": "sofa", "distance": [20, 80], "weight": 20},
    {"furniture": "chair", "relation": "adjacent", "target": "table", "distance": [20, 70], "weight": 20}
  ],
  "position_rules": [
    {"furniture": "bed", "relation": "wall_touch", "side": "head", "offset": 15, "weight": 25},
    {"furniture": "wardrobe", "relation": "wall_touch", "offset": 10, "weight": 20},
    {"furniture": "tv", "relation": "wall_touch", "offset": 5, "weight": 20},
    {"furniture": "sofa", "relation": "away_from", "target": "door", "min_distance": 100, "penalty": 40},
    {"furniture": "table", "relation": "center_alignment", "target": "sofa", "tolerance": 30, "weight": 25}
  ],
  "global_constraints": {
    "min_door_clearance": 80,
    "max_center_density": 0.5,
    "prefer_symmetry": true
  }
}
