{
  "room_dimensions": [
    400,
    300
  ],
  "layout": [
    {
      "type": "sofa",
      "w": 200.0,
      "h": 90.0,
      "x": 0.0,
      "y": 210.0
    },
    {
      "type": "coffee table",
      "w": 100.0,
      "h": 60.0,
      "x": 0.0,
      "y": 102.78881062193467
    },
    {
      "type": "tv stand",
      "w": 140.0,
      "h": 40.0,
      "x": 260.0,
      "y": 260.0
    },
    {
      "type": "chair",
      "w": 70.0,
      "h": 70.0,
      "x": 330.0,
      "y": 0.0
    },
    {
      "type": "chair",
      "w": 70.0,
      "h": 70.0,
      "x": 330.0,
      "y": 150.58715262642608
    },
    {
      "type": "tv",
      "w": 120.0,
      "h": 15.0,
      "x": 0.0,
      "y": 0.0
    }
  ],
  "score": 10136.115179224973
}