{
  "room_dimensions": [
    400,
    300
  ],
  "layout": [
    {
      "type": "bed",
      "w": 200,
      "h": 180,
      "x": 200.0,
      "y": 120.0
    },
    {
      "type": "wardrobe",
      "w": 150,
      "h": 60,
      "x": 47.96151897110623,
      "y": 240.0
    },
    {
      "type": "dresser",
      "w": 120,
      "h": 50,
      "x": 248.49071256478874,
      "y": 69.22309254685342
    },
    {
      "type": "chair",
      "w": 50,
      "h": 50,
      "x": 0.0,
      "y": 108.01988255163396
    },
    {
      "type": "desk",
      "w": 120,
      "h": 60,
      "x": 0.0,
      "y": 159.44748642737648
    },
    {
      "type": "chair",
      "w": 50,
      "h": 50,
      "x": 0.0,
      "y": 57.9360057295967
    },
    {
      "type": "window",
      "x": 0.0,
      "y": 50.0,
      "w": 10.0,
      "h": 100.0,
      "confidence": 0.85,
      "fixed": true,
      "architectural": true
    },
    {
      "type": "door",
      "x": 350.0,
      "y": 0.0,
      "w": 50.0,
      "h": 80.0,
      "confidence": 0.92,
      "fixed": true,
      "architectural": true
    },
    {
      "type": "window",
      "x": 100.0,
      "y": 290.0,
      "w": 100.0,
      "h": 10.0,
      "confidence": 0.78,
      "fixed": true,
      "architectural": true
    }
  ],
  "score": -100939.1205437523,
  "seed": 43
}